CO_ANO;CO_MES;CO_NCM;CO_PAIS;SG_UF_NCM;KG_LIQUIDO;VL_FOB;CATEGORIA
2020;1;15021011;240;SP;26241;23355;Produtos Bovinos
2020;3;15021011;160;GO;2118;12665;Produtos Bovinos
2020;3;41071110;249;RS;21;1767;Produtos Bovinos
2020;1;41071110;647;RS;216;4092;Produtos Bovinos
2020;12;15021011;160;SP;2952;16174;Produtos Bovinos
2020;4;15021011;240;SP;27976;23500;Produtos Bovinos
2020;5;15021011;160;RO;2271;11186;Produtos Bovinos
2020;5;41071110;245;SP;19800;30271;Produtos Bovinos
2020;3;15021011;160;RO;2060;14250;Produtos Bovinos
2020;12;41071110;249;RS;923;6997;Produtos Bovinos
2020;9;15021011;160;SP;1412;6926;Produtos Bovinos
2020;4;15021011;455;RO;56058;35146;Produtos Bovinos
2020;6;15021011;351;SP;69;155;Produtos Bovinos
2020;6;15021011;431;MT;28004;25204;Produtos Bovinos
2020;2;41071110;160;RS;31;4995;Produtos Bovinos
2020;5;41071110;160;RS;5;1128;Produtos Bovinos
2020;7;15021011;431;MT;27863;27979;Produtos Bovinos
2020;9;15021011;160;PA;978;3834;Produtos Bovinos
2020;4;15021011;160;RO;4067;20459;Produtos Bovinos
2020;12;15021011;240;RO;28005;28565;Produtos Bovinos
2020;5;15021011;160;GO;1880;10601;Produtos Bovinos
2020;6;15021011;240;SP;27791;21955;Produtos Bovinos
2020;7;41071110;351;RS;90;2946;Produtos Bovinos
2020;9;15021011;160;RO;4140;20461;Produtos Bovinos
2020;2;15021011;160;GO;28359;18207;Produtos Bovinos
2020;7;15021011;160;RO;3488;15337;Produtos Bovinos
2020;11;15021011;160;RO;2005;11031;Produtos Bovinos
2020;3;15021011;383;PR;19878;24564;Produtos Bovinos
2020;11;15021011;160;PA;104;450;Produtos Bovinos
2020;2;15021011;383;PR;18468;22630;Produtos Bovinos
2020;4;41071110;160;RS;9;1337;Produtos Bovinos
2020;4;15021011;383;SP;1967;1771;Produtos Bovinos
2020;7;41071110;365;RS;142;20361;Produtos Bovinos
2020;4;15021011;240;RO;28003;24922;Produtos Bovinos
2020;3;15021011;455;SP;27881;18179;Produtos Bovinos
2020;11;15021011;240;RO;18012;12609;Produtos Bovinos
2020;5;41071110;858;RS;110;16995;Produtos Bovinos
2020;4;15021011;383;PR;8078;13950;Produtos Bovinos
2020;4;41071110;351;RS;235;37178;Produtos Bovinos
2020;10;15021011;160;GO;2000;9813;Produtos Bovinos
2020;4;15021011;431;MT;26785;26819;Produtos Bovinos
2020;1;15021011;383;PR;19760;24699;Produtos Bovinos
2020;3;15021011;383;SP;8281;7452;Produtos Bovinos
2020;12;15021011;160;RO;5834;31664;Produtos Bovinos
2020;12;15021011;160;PA;772;3151;Produtos Bovinos
2020;6;15021011;240;RO;27408;21652;Produtos Bovinos
2020;6;41071110;351;RS;309;10094;Produtos Bovinos
2020;12;41071110;160;RS;2;427;Produtos Bovinos
2020;7;15021011;383;PR;17127;18067;Produtos Bovinos
2020;11;15021011;383;PR;3167;2692;Produtos Bovinos
2020;11;15021011;160;PA;997;4351;Produtos Bovinos
2020;6;15021011;160;GO;1920;9824;Produtos Bovinos
2020;5;41071110;647;SP;10;123;Produtos Bovinos
2020;10;15021011;160;SP;2597;12869;Produtos Bovinos
2020;8;15021011;240;SP;27539;21756;Produtos Bovinos
2020;2;41071110;365;RS;15;2165;Produtos Bovinos
2020;2;41071110;858;RS;53;8407;Produtos Bovinos
2020;11;15021011;160;GO;7574;41493;Produtos Bovinos
2020;1;15021011;383;SP;2051;1846;Produtos Bovinos
2020;4;15021011;160;GO;914;4953;Produtos Bovinos
2020;9;15021011;383;PR;19285;21418;Produtos Bovinos
2020;11;15021011;240;MT;10011;7007;Produtos Bovinos
2020;11;15021011;160;SP;2994;16381;Produtos Bovinos
2020;8;15021011;160;GO;1539;7506;Produtos Bovinos
2020;6;15021011;240;GO;27895;24827;Produtos Bovinos
2020;8;15021011;240;RO;27324;21586;Produtos Bovinos
2020;10;15021011;383;PR;1012;1138;Produtos Bovinos
2020;6;15021011;431;MT;82595;82843;Produtos Bovinos
2020;6;15021011;160;RO;4495;23283;Produtos Bovinos
2020;7;15021011;160;SP;1194;5252;Produtos Bovinos
2020;2;41071110;365;RS;218;30467;Produtos Bovinos
2020;8;15021011;383;PR;15988;16946;Produtos Bovinos
2020;8;15021011;160;SP;769;3380;Produtos Bovinos
2020;3;41071110;647;SP;2;261;Produtos Bovinos
2020;10;15021011;160;PA;2150;8373;Produtos Bovinos
2020;2;15021011;80;RO;503;539;Produtos Bovinos
2020;2;41071110;845;RS;250;2113;Produtos Bovinos
2020;7;15021011;431;MS;9983;6850;Produtos Bovinos
2020;4;15021011;160;SP;2158;11088;Produtos Bovinos
2020;7;15021011;160;GO;1609;7090;Produtos Bovinos
2020;6;41071110;160;RS;80;2381;Produtos Bovinos
2020;1;15021011;160;RO;2030;14033;Produtos Bovinos
2020;2;15021011;383;SP;5202;4681;Produtos Bovinos
2020;5;15021011;160;SP;2795;17227;Produtos Bovinos
2020;12;41071110;23;RS;0;4;Produtos Bovinos
2020;12;15021011;383;PR;24588;20898;Produtos Bovinos
2020;1;41071110;845;RS;801;6759;Produtos Bovinos
2020;12;15021011;160;GO;9480;51599;Produtos Bovinos
2020;10;15021011;160;RO;1991;9867;Produtos Bovinos
2020;1;15021011;240;RO;27002;24032;Produtos Bovinos
2020;8;41071110;160;RS;28;874;Produtos Bovinos
2020;3;41071110;351;RS;176;27882;Produtos Bovinos
2020;8;15021011;431;MT;27234;27287;Produtos Bovinos
2020;10;15021011;160;PA;655;2591;Produtos Bovinos
2021;6;41071110;365;RS;112;17051;Produtos Bovinos
2021;5;41071110;158;RS;1711;19919;Produtos Bovinos
2021;1;15021011;160;SP;5543;30018;Produtos Bovinos
2021;9;15021011;383;PR;13469;12917;Produtos Bovinos
2021;7;15021011;573;MT;27426;34117;Produtos Bovinos
2021;10;15021011;160;RO;5795;57305;Produtos Bovinos
2021;6;15021011;383;SP;647;518;Produtos Bovinos
2021;8;15021011;160;SP;11;11;Produtos Bovinos
2021;10;15021011;383;PR;14833;12605;Produtos Bovinos
2021;5;15021011;240;SP;52371;63779;Produtos Bovinos
2021;4;15021011;240;MT;27434;29272;Produtos Bovinos
2021;2;41071110;365;RS;13;2206;Produtos Bovinos
2021;5;15021011;573;MT;27737;34536;Produtos Bovinos
2021;7;41071110;351;RS;96;12854;Produtos Bovinos
2021;10;15021011;351;MG;3126;16803;Produtos Bovinos
2021;12;15021011;383;SP;7432;5945;Produtos Bovinos
2021;7;15021011;383;PR;15332;13020;Produtos Bovinos
2021;4;15021011;240;GO;59105;71747;Produtos Bovinos
2021;8;15021011;160;SP;3730;36118;Produtos Bovinos
2021;8;15021011;160;RO;5786;55514;Produtos Bovinos
2021;7;15021011;160;RO;8565;79748;Produtos Bovinos
2021;3;15021011;383;SP;3190;1595;Produtos Bovinos
2021;3;41071110;365;RS;103;16244;Produtos Bovinos
2021;4;41071110;249;RS;2930;38570;Produtos Bovinos
2021;12;15021011;53;SP;24632;31453;Produtos Bovinos
2021;11;41071110;845;RS;92;1056;Produtos Bovinos
2021;12;15021011;240;GO;26400;47533;Produtos Bovinos
2021;12;15021011;351;SP;4101;24597;Produtos Bovinos
2021;11;15021011;351;MG;633;3466;Produtos Bovinos
2021;9;15021011;351;MG;3910;20674;Produtos Bovinos
2021;4;15021011;160;GO;6448;38703;Produtos Bovinos
2021;6;41071110;249;RS;526;7329;Produtos Bovinos
2021;9;15021011;383;MT;256;331;Produtos Bovinos
2021;9;15021011;351;MT;3621;19149;Produtos Bovinos
2021;4;15021011;383;PR;1681;1429;Produtos Bovinos
2021;8;15021011;383;PR;8474;7203;Produtos Bovinos
2021;6;41071110;589;RS;64;578;Produtos Bovinos
2021;11;15021011;351;SP;4419;24192;Produtos Bovinos
2021;2;41071110;160;RS;31;6398;Produtos Bovinos
2021;9;15021011;351;TO;2651;14020;Produtos Bovinos
2021;9;15021011;244;MT;12015;22604;Produtos Bovinos
2021;2;15021011;383;SP;5994;2997;Produtos Bovinos
2021;10;15021011;351;TO;3439;18830;Produtos Bovinos
2021;3;15021011;160;SP;4285;22356;Produtos Bovinos
2021;9;41071110;23;RS;1;2;Produtos Bovinos
2021;8;41071110;827;RS;3;642;Produtos Bovinos
2021;3;15021011;240;SP;27837;32511;Produtos Bovinos
2021;10;15021011;351;SP;3673;20122;Produtos Bovinos
2021;2;15021011;240;SP;27565;29411;Produtos Bovinos
2021;5;15021011;160;GO;8400;49430;Produtos Bovinos
2021;10;15021011;351;MG;2027;11099;Produtos Bovinos
2021;3;15021011;383;PR;16307;13843;Produtos Bovinos
2021;6;15021011;573;MT;55964;69733;Produtos Bovinos
2021;1;15021011;160;GO;3845;20078;Produtos Bovinos
2021;5;15021011;160;SP;3436;20967;Produtos Bovinos
2021;1;15021011;383;SP;5144;2573;Produtos Bovinos
2021;10;15021011;351;RO;117;638;Produtos Bovinos
2021;11;15021011;351;RO;3941;21578;Produtos Bovinos
2021;11;15021011;351;MT;3258;17835;Produtos Bovinos
2021;3;15021011;160;GO;5940;30999;Produtos Bovinos
2021;8;15021011;160;GO;8541;81941;Produtos Bovinos
2021;1;15021011;240;RO;54703;55797;Produtos Bovinos
2021;10;15021011;351;SP;2127;11433;Produtos Bovinos
2021;7;15021011;431;MT;27586;34332;Produtos Bovinos
2021;6;15021011;240;SP;25003;34201;Produtos Bovinos
2021;10;41071110;351;RS;2;423;Produtos Bovinos
2021;10;15021011;351;MT;3298;18068;Produtos Bovinos
2021;6;15021011;160;SP;7469;69441;Produtos Bovinos
2021;9;15021011;160;SP;3933;38223;Produtos Bovinos
2021;4;15021011;240;RO;23477;27419;Produtos Bovinos
2021;10;41071110;249;RS;2;21;Produtos Bovinos
2021;5;15021011;160;RO;12409;67190;Produtos Bovinos
2021;5;41071110;365;RS;73;12132;Produtos Bovinos
2021;3;15021011;240;GO;27686;29541;Produtos Bovinos
2021;3;15021011;158;RO;22996;22304;Produtos Bovinos
2021;11;41071110;249;SP;5;0;Produtos Bovinos
2021;4;15021011;158;RO;23015;23563;Produtos Bovinos
2021;9;15021011;160;GO;5147;50923;Produtos Bovinos
2021;11;15021011;365;MG;3;3;Produtos Bovinos
2021;12;41071110;365;RS;22;3794;Produtos Bovinos
2021;5;15021011;383;PR;1036;881;Produtos Bovinos
2021;10;15021011;351;TO;3075;16530;Produtos Bovinos
2021;12;15021011;351;RO;3223;19328;Produtos Bovinos
2021;11;15021011;53;SP;27522;35143;Produtos Bovinos
2021;8;15021011;160;GO;7796;76320;Produtos Bovinos
2021;5;15021011;240;RO;27514;34885;Produtos Bovinos
2021;12;15021011;383;PR;5571;6227;Produtos Bovinos
2021;12;15021011;351;GO;12206;73195;Produtos Bovinos
2021;12;15021011;53;GO;52022;77018;Produtos Bovinos
2021;12;15021011;351;MG;577;3459;Produtos Bovinos
2021;3;41071110;149;RS;121;5208;Produtos Bovinos
2021;2;15021011;160;RO;1885;9829;Produtos Bovinos
2021;2;15021011;160;GO;4776;24933;Produtos Bovinos
2021;12;15021011;403;RO;19956;26542;Produtos Bovinos
2021;3;15021011;240;RO;25996;27738;Produtos Bovinos
2021;11;41071110;351;RS;2;472;Produtos Bovinos
2021;6;15021011;240;RO;27514;37636;Produtos Bovinos
2021;4;15021011;160;RO;6996;36443;Produtos Bovinos
2021;11;41071110;158;RS;54;1198;Produtos Bovinos
2021;7;15021011;160;SP;4492;42754;Produtos Bovinos
2021;5;41071110;160;RS;20;2890;Produtos Bovinos
2021;9;15021011;160;RO;7391;72361;Produtos Bovinos
2021;12;15021011;351;MT;4198;25175;Produtos Bovinos
2021;11;41071110;160;RS;2;337;Produtos Bovinos
2021;1;15021011;160;RO;4033;21057;Produtos Bovinos
2021;5;41071110;149;RS;398;6422;Produtos Bovinos
2021;6;15021011;160;GO;11054;103604;Produtos Bovinos
2021;4;15021011;383;SP;1502;751;Produtos Bovinos
2021;1;15021011;383;PR;17643;14994;Produtos Bovinos
2021;2;15021011;383;PR;10371;8816;Produtos Bovinos
2021;1;41071110;249;RS;852;13093;Produtos Bovinos
2021;11;15021011;383;PR;5555;5391;Produtos Bovinos
2021;7;15021011;160;GO;8256;79203;Produtos Bovinos
2021;6;15021011;383;PR;9992;8494;Produtos Bovinos
2021;1;41071110;149;RS;156;2533;Produtos Bovinos
2021;11;15021011;351;TO;2708;14827;Produtos Bovinos
2021;2;41071110;365;RS;61;8452;Produtos Bovinos
2021;6;15021011;240;GO;26791;36647;Produtos Bovinos
2021;8;41071110;365;RS;182;26188;Produtos Bovinos
2021;1;15021011;240;TO;27355;27902;Produtos Bovinos
2021;10;15021011;351;MT;2498;13426;Produtos Bovinos
2021;2;15021011;240;RO;27263;30452;Produtos Bovinos
2021;12;15021011;351;TO;3078;18459;Produtos Bovinos
2022;5;15021011;351;SP;5627;23219;Produtos Bovinos
2022;12;15021011;431;GO;54058;60472;Produtos Bovinos
2022;5;15021011;573;MT;28010;46315;Produtos Bovinos
2022;7;41071110;149;RS;180;3939;Produtos Bovinos
2022;11;41071110;169;RS;247;5928;Produtos Bovinos
2022;1;15021011;431;SP;2015;3927;Produtos Bovinos
2022;10;15021011;160;SP;6562;64337;Produtos Bovinos
2022;1;15021011;53;MT;11510;16185;Produtos Bovinos
2022;6;15021011;240;RO;55583;84269;Produtos Bovinos
2022;11;15021011;160;GO;13810;125677;Produtos Bovinos
2022;11;15021011;240;GO;27956;31648;Produtos Bovinos
2022;10;15021011;240;SP;26338;29817;Produtos Bovinos
2022;3;15021011;573;MT;26961;45705;Produtos Bovinos
2022;7;15021011;160;GO;7570;83849;Produtos Bovinos
2022;6;15021011;383;PR;1128;2255;Produtos Bovinos
2022;4;15021011;160;GO;7734;93409;Produtos Bovinos
2022;2;15021011;160;GO;7049;70352;Produtos Bovinos
2022;6;15021011;160;GO;4589;55786;Produtos Bovinos
2022;6;41071110;63;RS;2551;33591;Produtos Bovinos
2022;9;15021011;383;SP;1043;1355;Produtos Bovinos
2022;2;15021011;240;RO;27548;49600;Produtos Bovinos
2022;5;15021011;160;GO;15222;176571;Produtos Bovinos
2022;2;15021011;351;TO;3473;19089;Produtos Bovinos
2022;12;15021011;160;GO;5947;46209;Produtos Bovinos
2022;6;15021011;53;RO;25406;38821;Produtos Bovinos
2022;12;15021011;455;RO;83959;150674;Produtos Bovinos
2022;11;15021011;160;RO;7694;77623;Produtos Bovinos
2022;5;15021011;455;SP;37425;72914;Produtos Bovinos
2022;7;41071110;589;RS;7;1742;Produtos Bovinos
2022;3;15021011;403;SP;16336;26439;Produtos Bovinos
2022;4;15021011;160;SP;2720;30132;Produtos Bovinos
2022;5;15021011;160;SP;5763;68232;Produtos Bovinos
2022;4;15021011;240;MT;27988;38484;Produtos Bovinos
2022;9;15021011;383;PR;4416;9055;Produtos Bovinos
2022;6;15021011;240;GO;54673;88330;Produtos Bovinos
2022;10;15021011;383;RO;2190;3596;Produtos Bovinos
2022;9;15021011;431;SP;464;959;Produtos Bovinos
2022;1;15021011;240;RO;27513;44034;Produtos Bovinos
2022;8;15021011;455;RO;2023;3481;Produtos Bovinos
2022;2;15021011;573;MT;27830;48577;Produtos Bovinos
2022;9;15021011;240;SP;26530;40222;Produtos Bovinos
2022;1;15021011;160;GO;4605;45501;Produtos Bovinos
2022;1;15021011;383;SP;13630;10908;Produtos Bovinos
2022;7;15021011;240;MT;45976;72097;Produtos Bovinos
2022;2;15021011;351;GO;8757;48132;Produtos Bovinos
2022;4;15021011;383;SP;5234;4186;Produtos Bovinos
2022;8;15021011;240;MT;26135;39624;Produtos Bovinos
2022;4;15021011;383;PR;6689;7023;Produtos Bovinos
2022;2;15021011;383;PR;9011;9431;Produtos Bovinos
2022;2;15021011;383;SP;9178;7342;Produtos Bovinos
2022;12;15021011;431;MS;27987;31481;Produtos Bovinos
2022;3;15021011;160;SP;3573;38974;Produtos Bovinos
2022;5;15021011;351;MG;5062;20886;Produtos Bovinos
2022;7;15021011;383;PR;3497;7112;Produtos Bovinos
2022;10;15021011;383;GO;6875;11287;Produtos Bovinos
2022;2;15021011;351;RO;5416;29774;Produtos Bovinos
2022;6;15021011;160;RO;11445;138550;Produtos Bovinos
2022;6;15021011;53;GO;24993;38189;Produtos Bovinos
2022;8;15021011;431;MT;27710;45774;Produtos Bovinos
2022;4;15021011;160;RO;6660;75220;Produtos Bovinos
2022;9;15021011;160;GO;6806;72030;Produtos Bovinos
2022;2;15021011;240;GO;27653;52554;Produtos Bovinos
2022;3;15021011;351;RO;2352;13676;Produtos Bovinos
2022;10;15021011;240;GO;27882;31566;Produtos Bovinos
2022;3;41071110;365;RS;150;24408;Produtos Bovinos
2022;5;15021011;240;MT;28002;39654;Produtos Bovinos
2022;7;15021011;154;SP;3529;5867;Produtos Bovinos
2022;7;15021011;53;MT;16387;25040;Produtos Bovinos
2022;8;15021011;351;RO;149;312;Produtos Bovinos
2022;4;15021011;240;GO;54419;72095;Produtos Bovinos
2022;8;15021011;383;SP;5020;6527;Produtos Bovinos
2022;4;41071110;365;RS;30;5887;Produtos Bovinos
2022;7;15021011;53;SP;8403;12840;Produtos Bovinos
2022;9;15021011;240;MT;27214;43401;Produtos Bovinos
2022;1;15021011;53;GO;25307;43528;Produtos Bovinos
2022;9;15021011;240;SP;24687;37429;Produtos Bovinos
2022;2;15021011;53;SP;51943;89341;Produtos Bovinos
2022;8;15021011;351;MG;512;1082;Produtos Bovinos
2022;8;15021011;383;PR;10713;21962;Produtos Bovinos
2022;7;15021011;240;GO;27019;45016;Produtos Bovinos
2022;3;15021011;240;MT;28041;53293;Produtos Bovinos
2022;5;15021011;160;RO;4361;51934;Produtos Bovinos
2022;7;15021011;383;SP;13251;18637;Produtos Bovinos
2022;11;15021011;240;SP;51261;58033;Produtos Bovinos
2022;10;41071110;858;RS;7;1485;Produtos Bovinos
2022;3;15021011;160;GO;4017;43963;Produtos Bovinos
2022;11;15021011;160;SP;4353;42232;Produtos Bovinos
2022;6;41071110;160;RS;28;5144;Produtos Bovinos
2022;8;15021011;53;GO;97;145;Produtos Bovinos
2022;6;15021011;383;PR;3396;5702;Produtos Bovinos
2022;3;15021011;351;SP;3884;22580;Produtos Bovinos
2022;4;15021011;383;SP;1033;827;Produtos Bovinos
2022;1;15021011;160;RO;1644;15980;Produtos Bovinos
2022;5;15021011;431;SP;26905;47732;Produtos Bovinos
2022;8;15021011;351;SP;9135;19295;Produtos Bovinos
2022;5;15021011;455;RO;55510;105113;Produtos Bovinos
2022;5;15021011;431;MT;27870;45994;Produtos Bovinos
2022;6;15021011;455;SP;27674;49318;Produtos Bovinos
2022;2;15021011;53;GO;51455;88502;Produtos Bovinos
2022;1;15021011;383;PR;15577;17358;Produtos Bovinos
2022;4;41071110;160;RS;2055;35575;Produtos Bovinos
2022;8;15021011;73;SP;20925;25264;Produtos Bovinos
2022;10;15021011;160;GO;6367;61227;Produtos Bovinos
2022;2;15021011;53;RO;25957;44647;Produtos Bovinos
2022;10;15021011;198;MT;11805;16330;Produtos Bovinos
2022;1;41071110;351;RS;158;27457;Produtos Bovinos
2022;3;15021011;351;GO;3441;20009;Produtos Bovinos
2022;7;15021011;240;MG;17574;21641;Produtos Bovinos
2022;9;15021011;198;SP;11664;16135;Produtos Bovinos
2022;7;15021011;160;RO;5307;58815;Produtos Bovinos
2022;4;15021011;383;SP;3129;2504;Produtos Bovinos
2022;10;15021011;383;MT;15000;24628;Produtos Bovinos
2022;5;15021011;240;GO;52963;84335;Produtos Bovinos
2022;12;15021011;383;PR;2230;3457;Produtos Bovinos
2022;2;41071110;365;RS;39;5491;Produtos Bovinos
2022;3;15021011;240;GO;27505;35069;Produtos Bovinos
2022;9;15021011;240;GO;55360;83930;Produtos Bovinos
2022;6;15021011;240;SP;53619;85200;Produtos Bovinos
2022;7;15021011;160;GO;13964;161020;Produtos Bovinos
2022;2;15021011;160;SP;3813;41262;Produtos Bovinos
2022;8;15021011;160;SP;7538;83592;Produtos Bovinos
2022;11;15021011;455;RO;27541;49425;Produtos Bovinos
2022;11;15021011;240;RO;27299;30905;Produtos Bovinos
2022;9;15021011;160;GO;5461;53539;Produtos Bovinos
2022;2;15021011;240;SP;27827;50103;Produtos Bovinos
2022;4;15021011;455;MG;9920;17650;Produtos Bovinos
2022;7;15021011;383;RO;13474;18951;Produtos Bovinos
2022;2;41071110;160;RS;50;8809;Produtos Bovinos
2022;4;15021011;240;RO;27492;35052;Produtos Bovinos
2022;5;15021011;351;RO;452;1867;Produtos Bovinos
2022;12;41071110;249;RS;1296;12444;Produtos Bovinos
2022;4;15021011;455;RO;9256;16487;Produtos Bovinos
2022;3;41071110;361;RS;100;790;Produtos Bovinos
2022;6;15021011;160;SP;10483;130877;Produtos Bovinos
2022;4;41071110;149;RS;465;6504;Produtos Bovinos
2022;3;15021011;403;MT;10508;17007;Produtos Bovinos
2022;9;15021011;383;SP;997;1297;Produtos Bovinos
2022;11;15021011;240;GO;27677;31333;Produtos Bovinos
2022;8;15021011;160;GO;3011;33417;Produtos Bovinos
2022;12;15021011;53;MG;26791;42597;Produtos Bovinos
2022;4;15021011;431;MT;53885;84726;Produtos Bovinos
2022;5;15021011;383;PR;2808;2948;Produtos Bovinos
2022;4;15021011;53;SP;18379;27976;Produtos Bovinos
2022;5;15021011;351;MT;9749;40214;Produtos Bovinos
2022;1;15021011;160;SP;2905;28578;Produtos Bovinos
2022;5;15021011;53;SP;155;279;Produtos Bovinos
2022;12;41071110;249;SP;6;1108;Produtos Bovinos
2022;8;15021011;351;TO;4230;8935;Produtos Bovinos
2022;4;15021011;383;PR;3777;4724;Produtos Bovinos
2022;6;15021011;240;MT;27682;35295;Produtos Bovinos
2022;3;15021011;351;MG;2965;17248;Produtos Bovinos
2022;5;15021011;240;SP;82801;120257;Produtos Bovinos
2022;3;15021011;351;MT;9710;56467;Produtos Bovinos
2022;12;41071110;160;RS;9;2048;Produtos Bovinos
2022;10;15021011;160;RO;6299;60583;Produtos Bovinos
2022;3;15021011;351;TO;4733;27519;Produtos Bovinos
2022;6;15021011;53;SP;25019;38229;Produtos Bovinos
2022;2;15021011;383;PR;3337;4233;Produtos Bovinos
2022;3;15021011;160;RO;9346;102199;Produtos Bovinos
2022;3;15021011;383;PR;14543;15292;Produtos Bovinos
2022;9;15021011;160;RO;10423;101495;Produtos Bovinos
2022;8;15021011;351;MT;13115;27704;Produtos Bovinos
2022;8;15021011;383;SP;7703;10015;Produtos Bovinos
2022;2;15021011;351;MT;4317;23720;Produtos Bovinos
2022;8;15021011;160;RO;9797;106093;Produtos Bovinos
2022;5;41071110;365;RS;250;37036;Produtos Bovinos
2022;4;15021011;240;SP;27653;39159;Produtos Bovinos
2022;1;15021011;240;MT;53129;85034;Produtos Bovinos
2022;6;15021011;160;SP;2799;32965;Produtos Bovinos
2022;2;15021011;351;SP;3629;19951;Produtos Bovinos
2022;6;41071110;149;RS;599;13068;Produtos Bovinos
2022;9;15021011;160;GO;6462;63360;Produtos Bovinos
2022;10;15021011;383;PR;3572;7325;Produtos Bovinos
2022;10;15021011;383;SP;730;1199;Produtos Bovinos
2022;1;15021011;383;PR;2233;2860;Produtos Bovinos
2022;5;15021011;351;TO;6203;25587;Produtos Bovinos
2022;2;15021011;351;MG;2228;12252;Produtos Bovinos
2022;3;15021011;383;SP;11415;9131;Produtos Bovinos
2023;11;15021011;369;TO;3716;4341;Produtos Bovinos
2023;2;15021011;383;SP;973;779;Produtos Bovinos
2023;2;15021011;240;GO;27974;30472;Produtos Bovinos
2023;4;15021011;240;GO;28010;32410;Produtos Bovinos
2023;2;15021011;160;GO;6360;46376;Produtos Bovinos
2023;7;15021011;369;MT;27974;27478;Produtos Bovinos
2023;7;15021011;383;PR;2200;2309;Produtos Bovinos
2023;10;15021011;249;GO;4727828;6214650;Produtos Bovinos
2023;2;15021011;383;PR;3896;6039;Produtos Bovinos
2023;1;15021011;455;RO;27299;49263;Produtos Bovinos
2023;11;15021011;369;MT;54205;62091;Produtos Bovinos
2023;9;15021011;369;MS;55820;55817;Produtos Bovinos
2023;12;41071110;858;RS;26;3475;Produtos Bovinos
2023;2;15021011;53;MG;24228;23937;Produtos Bovinos
2023;12;15021011;369;MS;27468;28774;Produtos Bovinos
2023;2;15021011;240;RO;27257;29691;Produtos Bovinos
2023;4;15021011;455;MG;498600;691128;Produtos Bovinos
2023;10;15021011;160;PA;2065;5058;Produtos Bovinos
2023;2;15021011;240;GO;54929;60224;Produtos Bovinos
2023;11;15021011;369;MT;25865;29437;Produtos Bovinos
2023;11;41071110;361;RS;0;56;Produtos Bovinos
2023;2;15021011;383;SP;1399;1119;Produtos Bovinos
2023;5;41071110;160;RS;11;1581;Produtos Bovinos
2023;5;15021011;53;MG;27009;27893;Produtos Bovinos
2023;3;15021011;160;RO;8292;56613;Produtos Bovinos
2023;4;15021011;383;SP;8339;6672;Produtos Bovinos
2023;6;41071110;169;RS;2;156;Produtos Bovinos
2023;11;15021011;369;MS;26750;26575;Produtos Bovinos
2023;3;41071110;858;RS;184;24582;Produtos Bovinos
2023;8;15021011;369;MT;27626;27581;Produtos Bovinos
2023;12;15021011;53;MG;27330;25878;Produtos Bovinos
2023;3;15021011;455;MG;505400;713380;Produtos Bovinos
2023;1;15021011;240;GO;27055;32177;Produtos Bovinos
2023;12;15021011;431;MT;54248;62975;Produtos Bovinos
2023;7;15021011;244;MS;27827;27413;Produtos Bovinos
2023;1;15021011;160;GO;5941;46166;Produtos Bovinos
2023;1;15021011;160;RO;6134;43493;Produtos Bovinos
2023;1;15021011;160;GO;5811;41202;Produtos Bovinos
2023;11;15021011;369;PA;23004;26868;Produtos Bovinos
2023;8;15021011;244;RO;27834;27421;Produtos Bovinos
2023;2;15021011;240;SP;23987;28528;Produtos Bovinos
2023;3;15021011;383;SP;4871;3897;Produtos Bovinos
2023;4;15021011;240;SP;23632;27262;Produtos Bovinos
2023;5;15021011;431;MT;27778;33252;Produtos Bovinos
2023;8;15021011;369;MS;55976;55492;Produtos Bovinos
2023;3;15021011;160;GO;6424;42334;Produtos Bovinos
2023;10;15021011;249;MG;3802517;5053439;Produtos Bovinos
2023;8;15021011;369;GO;27686;27651;Produtos Bovinos
2023;4;15021011;431;GO;14883;18356;Produtos Bovinos
2023;10;41071110;169;RS;60;1911;Produtos Bovinos
2023;7;15021011;249;GO;2999947;3539937;Produtos Bovinos
2023;12;41071110;249;RS;55;515;Produtos Bovinos
2023;7;15021011;244;MT;55781;54710;Produtos Bovinos
2023;5;15021011;53;MT;25823;25619;Produtos Bovinos
2023;4;15021011;431;MS;26532;30244;Produtos Bovinos
2023;4;15021011;240;GO;84182;100407;Produtos Bovinos
2023;10;15021011;369;MT;27349;27264;Produtos Bovinos
2023;1;15021011;240;GO;83100;96045;Produtos Bovinos
2023;1;41071110;858;RS;65;11127;Produtos Bovinos
2023;12;41071110;160;RS;7;1434;Produtos Bovinos
2023;11;15021011;369;GO;26721;26541;Produtos Bovinos
2023;3;15021011;383;SP;3740;2992;Produtos Bovinos
2023;8;41071110;149;RS;1005;20365;Produtos Bovinos
2023;4;15021011;240;RO;82430;99366;Produtos Bovinos
2023;4;15021011;383;PR;4541;7038;Produtos Bovinos
2023;2;15021011;383;SP;249;199;Produtos Bovinos
2023;3;15021011;240;GO;111300;133209;Produtos Bovinos
2023;9;15021011;369;MT;28064;28086;Produtos Bovinos
2023;1;15021011;160;SP;9990;90686;Produtos Bovinos
2023;3;15021011;53;RO;25975;25027;Produtos Bovinos
2023;3;41071110;351;RS;81;11658;Produtos Bovinos
2023;2;15021011;160;RO;7262;49318;Produtos Bovinos
2023;5;41071110;351;RS;602;37540;Produtos Bovinos
2023;6;15021011;455;MG;297390;348025;Produtos Bovinos
2023;3;15021011;383;PR;3067;4755;Produtos Bovinos
2023;6;15021011;431;MS;27636;33060;Produtos Bovinos
2023;12;15021011;249;GO;356830;463880;Produtos Bovinos
2023;12;15021011;249;MG;4142150;5384794;Produtos Bovinos
2023;10;15021011;369;MS;56070;56104;Produtos Bovinos
2023;11;41071110;169;RS;247;6349;Produtos Bovinos
2023;8;41071110;858;RS;2;264;Produtos Bovinos
2023;6;41071110;246;RS;19;86;Produtos Bovinos
2023;1;15021011;455;MG;219930;293998;Produtos Bovinos
2023;12;15021011;369;MT;52424;54533;Produtos Bovinos
2023;10;15021011;369;MS;28041;28059;Produtos Bovinos
2023;7;15021011;244;RO;1045;1100;Produtos Bovinos
2023;5;15021011;240;GO;55752;64511;Produtos Bovinos
2023;7;15021011;455;MG;1011860;1113658;Produtos Bovinos
2023;2;15021011;776;MT;1754;4026;Produtos Bovinos
2023;5;15021011;160;GO;5792;43683;Produtos Bovinos
2023;3;15021011;240;SP;88354;105748;Produtos Bovinos
2023;2;15021011;676;GO;27359;21239;Produtos Bovinos
2023;3;15021011;455;MT;6926;13451;Produtos Bovinos
2023;3;15021011;455;RO;27313;49288;Produtos Bovinos
2023;1;15021011;431;MS;27960;31446;Produtos Bovinos
2023;3;15021011;676;GO;27716;21516;Produtos Bovinos
2023;1;15021011;240;SP;26114;31057;Produtos Bovinos
2023;3;15021011;431;MS;27004;30692;Produtos Bovinos
2023;9;41071110;160;RS;2;257;Produtos Bovinos
2023;8;15021011;455;MG;1505710;1585613;Produtos Bovinos
2023;10;41071110;239;RS;9;126;Produtos Bovinos
2023;9;15021011;741;MT;1924;2364;Produtos Bovinos
2023;3;15021011;676;RO;27536;21376;Produtos Bovinos
2023;9;15021011;383;PR;1109;1165;Produtos Bovinos
2023;8;41071110;589;RS;238;5479;Produtos Bovinos
2023;12;15021011;244;MS;27754;29253;Produtos Bovinos
2023;12;15021011;160;PA;6694;6398;Produtos Bovinos
2023;5;15021011;53;SP;11967;41813;Produtos Bovinos
2023;2;15021011;455;MG;319910;437112;Produtos Bovinos
2023;11;15021011;820;PA;15016;17510;Produtos Bovinos
2023;5;41071110;858;RS;1;92;Produtos Bovinos
2023;12;15021011;369;MT;27483;28792;Produtos Bovinos
2023;12;15021011;741;MT;1498;2191;Produtos Bovinos
2023;9;15021011;578;PR;1177;1236;Produtos Bovinos
2023;8;15021011;53;MG;26391;27628;Produtos Bovinos
2023;4;15021011;244;SP;3179;3811;Produtos Bovinos
2023;2;15021011;240;MT;53938;58755;Produtos Bovinos
2023;11;15021011;431;MT;106124;122867;Produtos Bovinos
2023;9;15021011;369;GO;27573;27521;Produtos Bovinos
2023;5;15021011;455;MG;1715820;2155286;Produtos Bovinos
2023;5;15021011;240;RO;27345;31641;Produtos Bovinos
2023;3;15021011;728;SP;27897;26502;Produtos Bovinos
2023;10;15021011;249;SP;86590;93493;Produtos Bovinos
2023;8;15021011;383;PR;2070;2282;Produtos Bovinos
2023;6;15021011;369;MT;27816;31468;Produtos Bovinos
2023;12;15021011;369;PA;27014;31589;Produtos Bovinos
2023;3;15021011;676;MT;27906;21664;Produtos Bovinos
2023;1;41071110;351;RS;2;312;Produtos Bovinos
2023;2;15021011;455;RO;3937;6895;Produtos Bovinos
2023;12;15021011;369;GO;83051;87098;Produtos Bovinos
2023;12;15021011;244;MT;24193;24980;Produtos Bovinos
2023;3;41071110;239;RS;1472;18728;Produtos Bovinos
2023;1;15021011;240;RO;27117;32251;Produtos Bovinos
2023;3;15021011;431;MT;26674;30263;Produtos Bovinos
2023;1;15021011;383;PR;4005;6209;Produtos Bovinos
2023;4;15021011;240;MT;80009;93524;Produtos Bovinos
2023;6;41071110;351;RS;95;13260;Produtos Bovinos
2023;3;15021011;53;SP;25979;25031;Produtos Bovinos
2024;8;15021011;249;PA;266170;260847;Produtos Bovinos
2024;12;15021011;369;MT;25280;20695;Produtos Bovinos
2024;5;15021011;741;SP;4138;4589;Produtos Bovinos
2024;2;41071110;827;RS;1;4;Produtos Bovinos
2024;5;15021011;369;MG;27009;19657;Produtos Bovinos
2024;10;15021011;403;TO;6214;5221;Produtos Bovinos
2024;9;15021011;249;MG;3499882;3499882;Produtos Bovinos
2024;9;15021011;249;SP;778491;778491;Produtos Bovinos
2024;7;15021011;431;MT;50920;51802;Produtos Bovinos
2024;5;15021011;369;PA;27004;19551;Produtos Bovinos
2024;1;41071110;647;SP;7;146;Produtos Bovinos
2024;7;15021011;249;TO;236490;220527;Produtos Bovinos
2024;8;15021011;249;TO;154340;151253;Produtos Bovinos
2024;8;15021011;249;MG;1123337;1071840;Produtos Bovinos
2024;9;15021011;369;PA;18015;15988;Produtos Bovinos
2024;9;15021011;249;GO;62304;62304;Produtos Bovinos
2024;10;15021011;249;PR;419560;415358;Produtos Bovinos
2024;6;15021011;741;MT;506;599;Produtos Bovinos
2024;3;15021011;403;PA;26999;25723;Produtos Bovinos
2024;12;41071110;351;RS;1;206;Produtos Bovinos
2024;11;15021011;249;GO;38884;35773;Produtos Bovinos
2024;7;41071110;351;RS;28;3779;Produtos Bovinos
2024;6;41071110;351;RS;635;38914;Produtos Bovinos
2024;3;41071110;589;RS;1;36;Produtos Bovinos
2024;5;15021011;160;PA;4039;13847;Produtos Bovinos
2024;8;15021011;369;MG;27079;19708;Produtos Bovinos
2024;1;41071110;239;RS;896;14400;Produtos Bovinos
2024;6;15021011;369;MG;52811;46111;Produtos Bovinos
2024;9;15021011;240;MG;26958;28037;Produtos Bovinos
2024;9;41071110;647;SP;5;148;Produtos Bovinos
2024;6;41071110;858;RS;22;3176;Produtos Bovinos
2024;11;15021011;240;MG;5918;6155;Produtos Bovinos
2024;1;15021011;80;PA;27035;24642;Produtos Bovinos
2024;5;41071110;858;RS;27;3666;Produtos Bovinos
2024;8;41071110;589;RS;11;275;Produtos Bovinos
2024;8;15021011;244;PA;9318;8622;Produtos Bovinos
2024;9;15021011;741;SP;1463;1954;Produtos Bovinos
2024;3;15021011;53;MG;27767;20445;Produtos Bovinos
2024;7;15021011;244;MS;28012;23933;Produtos Bovinos
2024;6;15021011;431;MT;26725;27356;Produtos Bovinos
2024;10;15021011;741;MT;51;50;Produtos Bovinos
2024;8;15021011;249;SP;1117712;1083021;Produtos Bovinos
2024;2;15021011;369;MG;28009;20385;Produtos Bovinos
2024;4;15021011;431;MT;26696;28555;Produtos Bovinos
2024;8;41071110;149;RS;460;12592;Produtos Bovinos
2024;1;41071110;858;RS;102;15421;Produtos Bovinos
2024;6;15021011;369;MT;28000;24650;Produtos Bovinos
2024;11;15021011;249;MG;741013;681732;Produtos Bovinos
2024;5;15021011;820;RS;4876;3958;Produtos Bovinos
2024;6;41071110;239;RS;2065;29657;Produtos Bovinos
2024;5;15021011;249;SC;350579;317274;Produtos Bovinos
2024;6;15021011;369;MT;83077;73027;Produtos Bovinos
2024;11;15021011;249;SP;1765577;1643872;Produtos Bovinos
2024;12;41071110;589;RS;37;1153;Produtos Bovinos
2024;6;15021011;369;GO;242286;212136;Produtos Bovinos
2024;12;15021011;820;RS;11210;9365;Produtos Bovinos
2024;10;15021011;249;SP;615660;597504;Produtos Bovinos
2024;7;15021011;154;TO;1002;1078;Produtos Bovinos
2024;11;41071110;249;RS;8;25;Produtos Bovinos
2024;6;15021011;244;PA;17945;15564;Produtos Bovinos
2024;1;15021011;820;PA;27012;21212;Produtos Bovinos
2024;11;15021011;160;PA;26962;57906;Produtos Bovinos
2024;12;15021011;369;MS;27970;23251;Produtos Bovinos
2024;10;41071110;149;RS;774;11837;Produtos Bovinos
2024;12;15021011;240;MG;20893;21729;Produtos Bovinos
2024;12;41071110;858;RS;1;132;Produtos Bovinos
2024;6;15021011;741;MT;2951;3167;Produtos Bovinos
2024;8;15021011;369;PA;27022;24124;Produtos Bovinos
2024;11;15021011;741;MT;964;1285;Produtos Bovinos
2024;8;15021011;249;PR;73510;70570;Produtos Bovinos
2024;8;15021011;249;SC;66047;63075;Produtos Bovinos
2024;5;41071110;647;SP;2;52;Produtos Bovinos
2024;10;41071110;351;RS;2;526;Produtos Bovinos
2024;8;15021011;249;GO;278223;268057;Produtos Bovinos
2024;2;41071110;351;RS;78;12335;Produtos Bovinos
2024;6;41071110;149;RS;138;1693;Produtos Bovinos
2024;11;15021011;369;MT;26014;19899;Produtos Bovinos
2024;2;15021011;369;MS;27631;29677;Produtos Bovinos
2024;4;41071110;149;ND;9;1188;Produtos Bovinos
2024;4;41071110;858;RS;157;23367;Produtos Bovinos
2024;7;41071110;141;RS;59;11858;Produtos Bovinos
2024;9;15021011;820;RS;4997;4306;Produtos Bovinos
2024;4;41071110;169;RS;16;581;Produtos Bovinos
2024;10;15021011;403;PA;21434;18009;Produtos Bovinos
2024;5;41071110;858;RS;46;8355;Produtos Bovinos
2024;9;41071110;149;RS;996;21381;Produtos Bovinos
2024;5;15021011;249;MG;9328599;8158882;Produtos Bovinos
2024;11;15021011;369;MS;166504;138253;Produtos Bovinos
2024;11;15021011;369;MT;82384;68302;Produtos Bovinos
2024;2;15021011;244;PA;27011;23497;Produtos Bovinos
2024;9;15021011;369;TO;8732;7749;Produtos Bovinos
2024;7;15021011;154;PA;7093;7632;Produtos Bovinos
2024;7;41071110;647;SP;8;254;Produtos Bovinos
2024;7;15021011;249;PA;154200;143792;Produtos Bovinos
2024;10;15021011;160;PR;27302;21622;Produtos Bovinos
2024;10;41071110;249;RS;0;5;Produtos Bovinos
2024;12;15021011;160;PA;11429;25806;Produtos Bovinos
2024;5;15021011;431;MT;26552;28512;Produtos Bovinos
2024;8;41071110;169;RS;433;9125;Produtos Bovinos
2024;1;41071110;628;RS;1;15;Produtos Bovinos
2024;3;41071110;149;RS;67;3538;Produtos Bovinos
2024;9;41071110;141;RS;24;2934;Produtos Bovinos
2024;10;15021011;240;MG;5829;6062;Produtos Bovinos
2024;5;41071110;647;SP;5;138;Produtos Bovinos
2024;10;15021011;249;RS;2923232;2893971;Produtos Bovinos
2024;4;15021011;431;MT;13142;15394;Produtos Bovinos
2024;1;41071110;160;RS;24;3214;Produtos Bovinos
2024;7;15021011;244;MT;25573;21484;Produtos Bovinos
2024;9;41071110;169;RS;31;779;Produtos Bovinos
2024;7;15021011;244;MT;26080;21991;Produtos Bovinos
2025;3;15021011;741;SP;490;644;Produtos Bovinos
2025;3;15021011;431;MT;54820;56843;Produtos Bovinos
2025;4;15021011;431;MT;28016;27718;Produtos Bovinos
2025;4;15021011;240;MG;3495;4280;Produtos Bovinos
2025;1;15021011;431;MS;24623;25216;Produtos Bovinos
2025;2;15021011;431;MS;51838;49350;Produtos Bovinos
2025;3;15021011;474;RS;1749;2549;Produtos Bovinos
2025;5;15021011;431;MT;26606;26177;Produtos Bovinos
2025;4;15021011;351;PA;613;2811;Produtos Bovinos
2025;1;41071110;858;RS;74;15343;Produtos Bovinos
2025;3;15021011;249;SP;184530;191148;Produtos Bovinos
2025;5;15021011;249;SP;978179;1100452;Produtos Bovinos
2025;5;41071110;149;RS;380;7045;Produtos Bovinos
2025;5;41071110;351;RS;449;31443;Produtos Bovinos
2025;5;41071110;23;RS;9;26;Produtos Bovinos
2025;5;15021011;249;PR;1317225;1481878;Produtos Bovinos
2025;1;41071110;149;RS;876;13393;Produtos Bovinos
2025;2;15021011;820;RS;9287;8884;Produtos Bovinos
2025;5;15021011;431;GO;23914;23215;Produtos Bovinos
2025;3;15021011;741;MT;9909;13704;Produtos Bovinos
2025;1;15021011;351;PA;429;1717;Produtos Bovinos
2025;3;15021011;741;MT;1001;1474;Produtos Bovinos
2025;2;15021011;351;PA;258;1031;Produtos Bovinos
2025;1;15021011;369;PA;25444;26778;Produtos Bovinos
2025;2;15021011;160;PA;15137;40975;Produtos Bovinos
2025;4;41071110;351;RS;21;5045;Produtos Bovinos
2025;5;15021011;240;MG;15175;20486;Produtos Bovinos
2025;3;41071110;249;RS;4;125;Produtos Bovinos
2025;2;15021011;431;MT;22000;21675;Produtos Bovinos
2025;2;15021011;158;MG;46;134;Produtos Bovinos
2025;5;15021011;160;PA;15437;44784;Produtos Bovinos
2025;1;41071110;149;RS;21;115;Produtos Bovinos
2025;5;15021011;351;PA;234;935;Produtos Bovinos
2025;5;15021011;249;GO;304554;342623;Produtos Bovinos
2025;5;15021011;244;GO;27183;21694;Produtos Bovinos
2025;1;41071110;858;RS;18;5688;Produtos Bovinos
2025;2;15021011;741;MT;934;1286;Produtos Bovinos
2025;5;41071110;249;RS;1;10;Produtos Bovinos
2025;4;15021011;741;MT;2963;4102;Produtos Bovinos
2025;5;15021011;474;RS;938;1285;Produtos Bovinos
2025;2;15021011;240;MG;2422;2996;Produtos Bovinos
2025;3;15021011;351;PA;104;418;Produtos Bovinos
2025;2;41071110;351;RS;21;6799;Produtos Bovinos
2025;4;15021011;431;GO;24191;23510;Produtos Bovinos
2025;1;41071110;589;RS;100;1027;Produtos Bovinos
2025;2;41071110;160;RS;1;126;Produtos Bovinos
2025;5;15021011;244;MT;28045;22513;Produtos Bovinos
2025;5;41071110;351;RS;23;3480;Produtos Bovinos
2025;4;15021011;160;PA;16008;36480;Produtos Bovinos
2025;3;41071110;647;SP;12;183;Produtos Bovinos
2025;1;41071110;351;RS;82;5526;Produtos Bovinos
2025;3;15021011;160;PA;16980;40033;Produtos Bovinos
2025;4;41071110;858;RS;157;23803;Produtos Bovinos
2025;4;15021011;431;MT;26020;26823;Produtos Bovinos
2025;5;15021011;249;MT;1500007;1687508;Produtos Bovinos
2025;3;15021011;240;MG;15153;18457;Produtos Bovinos
2025;5;15021011;244;MT;25878;21799;Produtos Bovinos
